{"cameraMode":{"drawMode":0,"name":"Shaded","section":"Shading Mode"},"sceneLighting":true,"audioPlay":false,"sceneViewState":{"showFog":true,"showMaterialUpdate":false,"showSkybox":true,"showFlares":true,"showImageEffects":true,"showParticleSystems":true},"in2DMode":false,"pivot":{"x":20.773006439208986,"y":2.0693492889404299,"z":29.7602596282959},"rotation":{"x":-0.05620294809341431,"y":0.8933784365653992,"z":-0.1167064905166626,"w":-0.43022778630256655},"size":12.167348861694336,"orthographic":false}