{"cameraMode":{"drawMode":0,"name":"Shaded","section":"Shading Mode"},"sceneLighting":true,"audioPlay":false,"sceneViewState":{"showFog":true,"showMaterialUpdate":false,"showSkybox":true,"showFlares":true,"showImageEffects":true,"showParticleSystems":true},"in2DMode":false,"pivot":{"x":45.16218566894531,"y":2.530947685241699,"z":9.647989273071289},"rotation":{"x":-0.12172389030456543,"y":0.4980127811431885,"z":-0.0708460733294487,"w":-0.8556561470031738},"size":5.860973358154297,"orthographic":false}