{"cameraMode":{"drawMode":0,"name":"Shaded","section":"Shading Mode"},"sceneLighting":true,"audioPlay":false,"sceneViewState":{"showFog":true,"showMaterialUpdate":false,"showSkybox":true,"showFlares":true,"showImageEffects":true,"showParticleSystems":true},"in2DMode":false,"pivot":{"x":-0.5532369613647461,"y":0.0,"z":-2.2343649864196779},"rotation":{"x":-0.09871514141559601,"y":0.5163013339042664,"z":-0.060061320662498477,"w":-0.8485758900642395},"size":28.00726318359375,"orthographic":false}