{"cameraMode":{"drawMode":0,"name":"Shaded","section":"Shading Mode"},"sceneLighting":false,"audioPlay":false,"sceneViewState":{"showFog":true,"showMaterialUpdate":false,"showSkybox":true,"showFlares":true,"showImageEffects":true,"showParticleSystems":true},"in2DMode":false,"pivot":{"x":196.0,"y":67.08303833007813,"z":-95.17760467529297},"rotation":{"x":0.27139243483543398,"y":0.3424341082572937,"z":-0.10401613265275955,"w":0.8934571146965027},"size":356.92352294921877,"orthographic":false}