{"cameraMode":{"drawMode":0,"name":"Shaded","section":"Shading Mode"},"sceneLighting":true,"audioPlay":false,"sceneViewState":{"showFog":true,"showMaterialUpdate":false,"showSkybox":false,"showFlares":true,"showImageEffects":true,"showParticleSystems":true},"in2DMode":false,"pivot":{"x":-0.03932344913482666,"y":-0.10627284646034241,"z":1.3137102127075196},"rotation":{"x":0.01709675043821335,"y":0.773633599281311,"z":-0.020893195644021035,"w":0.6330593824386597},"size":3.180544137954712,"orthographic":true}