{"cameraMode":{"drawMode":0,"name":"Shaded","section":"Shading Mode"},"sceneLighting":true,"audioPlay":false,"sceneViewState":{"showFog":true,"showMaterialUpdate":false,"showSkybox":true,"showFlares":true,"showImageEffects":true,"showParticleSystems":true},"in2DMode":false,"pivot":{"x":31.89727783203125,"y":2.579364061355591,"z":32.90053939819336},"rotation":{"x":-0.055055104196071628,"y":0.8693978190422058,"z":-0.09954296797513962,"w":-0.48084500432014468},"size":15.727582931518555,"orthographic":true}