{"cameraMode":{"drawMode":0,"name":"Shaded","section":"Shading Mode"},"sceneLighting":true,"audioPlay":false,"sceneViewState":{"showFog":true,"showMaterialUpdate":false,"showSkybox":true,"showFlares":true,"showImageEffects":true,"showParticleSystems":true},"in2DMode":false,"pivot":{"x":31.89727783203125,"y":2.579364061355591,"z":32.90053939819336},"rotation":{"x":0.07192574441432953,"y":-0.7914416193962097,"z":0.0949479267001152,"w":0.5995324850082398},"size":5.999504566192627,"orthographic":true}