{"cameraMode":{"drawMode":0,"name":"Shaded","section":"Shading Mode"},"sceneLighting":false,"audioPlay":false,"sceneViewState":{"showFog":false,"showMaterialUpdate":false,"showSkybox":false,"showFlares":false,"showImageEffects":false,"showParticleSystems":false},"in2DMode":false,"pivot":{"x":13.724733352661133,"y":1.9165363311767579,"z":26.62513542175293},"rotation":{"x":0.3478682041168213,"y":0.36346980929374697,"z":-0.14851337671279908,"w":0.8513666987419128},"size":22.699298858642579,"orthographic":false}