{"cameraMode":{"drawMode":0,"name":"Shaded","section":"Shading Mode"},"sceneLighting":true,"audioPlay":false,"sceneViewState":{"showFog":true,"showMaterialUpdate":false,"showSkybox":true,"showFlares":true,"showImageEffects":true,"showParticleSystems":true},"in2DMode":false,"pivot":{"x":0.004894733428955078,"y":-0.6263380646705627,"z":0.8743927478790283},"rotation":{"x":0.6799755692481995,"y":0.04390057176351547,"z":-0.0408463217318058,"w":0.7307840585708618},"size":9.70506763458252,"orthographic":true}