{"cameraMode":{"drawMode":0,"name":"Shaded","section":"Shading Mode"},"sceneLighting":false,"audioPlay":false,"sceneViewState":{"showFog":false,"showMaterialUpdate":false,"showSkybox":false,"showFlares":false,"showImageEffects":false,"showParticleSystems":false},"in2DMode":false,"pivot":{"x":-51.348228454589847,"y":1689.561767578125,"z":75.4146728515625},"rotation":{"x":0.11198202520608902,"y":0.40549397468566897,"z":-0.050128888338804248,"w":0.905827522277832},"size":849.5147705078125,"orthographic":false}