{"cameraMode":{"drawMode":0,"name":"Shaded","section":"Shading Mode"},"sceneLighting":false,"audioPlay":false,"sceneViewState":{"showFog":false,"showMaterialUpdate":false,"showSkybox":false,"showFlares":false,"showImageEffects":false,"showParticleSystems":false},"in2DMode":false,"pivot":{"x":11.579904556274414,"y":2.6914167404174806,"z":39.48838424682617},"rotation":{"x":0.11198202520608902,"y":0.40549397468566897,"z":-0.050128888338804248,"w":0.905827522277832},"size":8.149441719055176,"orthographic":false}