{"cameraMode":{"drawMode":0,"name":"Shaded","section":"Shading Mode"},"sceneLighting":false,"audioPlay":false,"sceneViewState":{"showFog":false,"showMaterialUpdate":false,"showSkybox":false,"showFlares":false,"showImageEffects":false,"showParticleSystems":false},"in2DMode":false,"pivot":{"x":1.4205322265625,"y":-1.98284912109375,"z":95.1640625},"rotation":{"x":0.6645141243934631,"y":0.029121223837137224,"z":-0.025928892195224763,"w":0.7462882399559021},"size":242.91012573242188,"orthographic":true}