{"cameraMode":{"drawMode":0,"name":"Shaded","section":"Shading Mode"},"sceneLighting":false,"audioPlay":false,"sceneViewState":{"showFog":false,"showMaterialUpdate":false,"showSkybox":false,"showFlares":false,"showImageEffects":false,"showParticleSystems":false},"in2DMode":false,"pivot":{"x":-0.7744140625,"y":-0.1430206298828125,"z":-3.6015625},"rotation":{"x":-0.0008904169662855566,"y":-0.1366659551858902,"z":0.00011684538185363635,"w":-0.9906352162361145},"size":6.303961277008057,"orthographic":true}