{"cameraMode":{"drawMode":0,"name":"Shaded","section":"Shading Mode"},"sceneLighting":true,"audioPlay":false,"sceneViewState":{"showFog":true,"showMaterialUpdate":false,"showSkybox":true,"showFlares":true,"showImageEffects":true,"showParticleSystems":true},"in2DMode":false,"pivot":{"x":22.299999237060548,"y":2.63700008392334,"z":9.489999771118164},"rotation":{"x":-0.004457502625882626,"y":0.9931834936141968,"z":-0.10919084399938584,"w":-0.04054824262857437},"size":3.41404128074646,"orthographic":true}