{"cameraMode":{"drawMode":0,"name":"Shaded","section":"Shading Mode"},"sceneLighting":true,"audioPlay":false,"sceneViewState":{"showFog":true,"showMaterialUpdate":false,"showSkybox":true,"showFlares":true,"showImageEffects":true,"showParticleSystems":true},"in2DMode":false,"pivot":{"x":22.229999542236329,"y":2.555999994277954,"z":28.600000381469728},"rotation":{"x":0.3406950533390045,"y":0.23797960579395295,"z":-0.08957581222057343,"w":0.9051346778869629},"size":19.822635650634767,"orthographic":true}