{"cameraMode":{"drawMode":0,"name":"Shaded","section":"Shading Mode"},"sceneLighting":true,"audioPlay":false,"sceneViewState":{"showFog":true,"showMaterialUpdate":false,"showSkybox":true,"showFlares":true,"showImageEffects":true,"showParticleSystems":true},"in2DMode":false,"pivot":{"x":5.30859375,"y":2.8000001907348635,"z":20.959999084472658},"rotation":{"x":-0.004457502625882626,"y":0.9931834936141968,"z":-0.10919084399938584,"w":-0.04054824262857437},"size":40.010372161865237,"orthographic":true}